{"ClanName":"beech","SubTexturesCount":8,"LinesCount":1,"ColumnsCount":8,"LodTreesCount":0,"PyramidsCount":4,"BillboardWidth":2048,"BillboardHeight":181,
"ScaleOffsets":[{"x":21.045166015625,"y":28.66226577758789,"z":17.33453941345215},
{"x":26.900209426879884,"y":40.9649658203125,"z":33.05974578857422},
{"x":22.27662467956543,"y":31.40304946899414,"z":21.458099365234376},
{"x":22.85081672668457,"y":29.43073844909668,"z":20.893444061279298}
]}